Timestamp,Frame,TrackID,Class,Confidence,X1,Y1,X2,Y2,Width,Height,Area,Center_X,Center_Y,Speed (px/sec),NumberPlate
2025-09-26 12:13:42,267,4,car,0.85,456,134,640,304,184,170,31280,548,219,0,Skipped
2025-09-26 12:13:42,267,5,car,0.85,416,111,640,268,224,157,35168,528,189,0,Skipped
2025-09-26 12:13:43,268,4,car,0.85,453,135,640,307,187,172,32164,546,221,12.79,Skipped
2025-09-26 12:13:43,268,5,car,0.85,404,112,640,280,236,168,39648,522,196,41.7,Skipped
2025-09-26 12:13:43,269,4,car,0.85,483,129,640,296,157,167,26219,561,212,156.45,Skipped
2025-09-26 12:13:43,269,5,car,0.85,383,129,640,313,257,184,47288,511,221,244.28,Skipped
2025-09-26 12:13:43,270,4,car,0.85,489,135,640,305,151,170,25670,564,220,93.06,N/A
2025-09-26 12:13:43,270,5,car,0.85,417,123,640,299,223,176,39248,528,211,214.82,N/A
2025-09-26 12:13:43,271,4,car,0.85,495,136,640,306,145,170,24650,567,221,11.76,Skipped
2025-09-26 12:13:43,271,5,car,0.85,417,126,640,307,223,181,40363,528,216,18.6,Skipped
2025-09-26 12:13:43,272,4,car,0.85,501,136,640,307,139,171,23769,570,221,55.44,Skipped
2025-09-26 12:13:43,272,5,car,0.85,416,130,640,314,224,184,41216,528,222,110.89,Skipped
2025-09-26 12:13:43,273,4,car,0.85,507,137,640,309,133,172,22876,573,223,74.18,Skipped
2025-09-26 12:13:43,273,5,car,0.85,416,133,640,322,224,189,42336,528,227,102.87,Skipped
2025-09-26 12:13:43,274,4,car,0.85,513,138,640,310,127,172,21844,576,224,57.35,Skipped
2025-09-26 12:13:43,274,5,car,0.85,415,136,640,329,225,193,43425,527,232,92.48,Skipped
2025-09-26 12:13:43,275,4,car,0.85,519,139,640,311,121,172,20812,579,225,52.21,Skipped
2025-09-26 12:13:43,275,5,car,0.85,415,140,640,337,225,197,44325,527,238,99.07,Skipped
2025-09-26 12:13:43,276,4,car,0.85,525,139,640,313,115,174,20010,582,226,40.45,Skipped
2025-09-26 12:13:43,276,5,car,0.85,414,143,640,344,226,201,45426,527,243,63.95,Skipped
2025-09-26 12:13:43,277,4,car,0.85,532,140,640,314,108,174,18792,586,227,64.27,Skipped
2025-09-26 12:13:43,277,5,car,0.85,414,146,640,352,226,206,46556,527,249,93.53,Skipped
2025-09-26 12:13:43,278,4,car,0.85,538,141,640,315,102,174,17748,589,228,49.7,Skipped
2025-09-26 12:13:43,278,5,car,0.85,413,150,640,359,227,209,47443,526,254,80.13,Skipped
2025-09-26 12:13:44,279,4,car,0.85,544,142,640,316,96,174,16704,592,229,49.18,Skipped
2025-09-26 12:13:44,279,5,car,0.85,413,153,640,360,227,207,46989,526,256,31.11,Skipped
2025-09-26 12:13:44,280,4,car,0.85,550,142,640,318,90,176,15840,595,230,45.78,N/A
2025-09-26 12:13:44,280,5,car,0.85,412,156,640,360,228,204,46512,526,258,28.96,N/A
2025-09-26 12:13:44,281,4,car,0.85,556,143,640,319,84,176,14784,598,231,20.88,Skipped
2025-09-26 12:13:44,281,5,car,0.85,412,160,640,360,228,200,45600,526,260,13.21,Skipped
2025-09-26 12:13:44,282,4,car,0.85,562,144,640,320,78,176,13728,601,232,59.42,Skipped
2025-09-26 12:13:44,282,5,car,0.85,411,163,640,360,229,197,45113,525,261,26.58,Skipped
2025-09-26 12:13:44,283,4,car,0.85,568,145,640,321,72,176,12672,604,233,48.58,Skipped
2025-09-26 12:13:44,283,5,car,0.85,411,166,640,360,229,194,44426,525,263,30.73,Skipped
2025-09-26 12:13:44,284,4,car,0.85,574,145,640,323,66,178,11748,607,234,51.33,Skipped
2025-09-26 12:13:44,284,5,car,0.85,410,170,640,360,230,190,43700,525,265,32.46,Skipped
2025-09-26 12:13:44,285,4,car,0.85,580,146,640,324,60,178,10680,610,235,50.05,Skipped
2025-09-26 12:13:44,285,5,car,0.85,410,173,640,360,230,187,43010,525,266,15.83,Skipped
2025-09-26 12:13:44,286,4,car,0.85,586,147,640,325,54,178,9612,613,236,48.81,Skipped
2025-09-26 12:13:44,286,5,car,0.85,409,176,640,360,231,184,42504,524,268,34.52,Skipped
2025-09-26 12:13:44,287,4,car,0.85,592,148,640,327,48,179,8592,616,237,40.24,Skipped
2025-09-26 12:13:44,287,5,car,0.85,409,180,640,360,231,180,41580,524,270,25.45,Skipped
2025-09-26 12:13:44,288,4,car,0.85,598,148,640,328,42,180,7560,619,238,49.51,Skipped
2025-09-26 12:13:44,288,5,car,0.85,408,183,640,360,232,177,41064,524,271,15.66,Skipped
2025-09-26 12:13:44,289,4,car,0.85,604,149,640,329,36,180,6480,622,239,48.79,Skipped
2025-09-26 12:13:44,289,5,car,0.85,408,186,640,360,232,174,40368,524,273,30.85,Skipped
2025-09-26 12:13:44,290,4,car,0.85,610,150,640,330,30,180,5400,625,240,49.41,N/A
2025-09-26 12:13:44,290,5,car,0.85,407,190,640,360,233,170,39610,523,275,34.94,N/A
2025-09-26 12:13:44,291,4,car,0.85,616,151,640,332,24,181,4344,628,241,34.13,Skipped
2025-09-26 12:13:44,291,5,car,0.85,407,193,640,360,233,167,38911,523,276,10.79,Skipped
2025-09-26 12:13:44,292,4,car,0.85,622,151,640,333,18,182,3276,631,242,88.45,Skipped
2025-09-26 12:13:44,292,5,car,0.85,406,196,640,360,234,164,38376,523,278,55.94,Skipped
2025-09-26 12:13:45,293,4,car,0.85,628,152,640,334,12,182,2184,634,243,49.53,Skipped
2025-09-26 12:13:45,293,5,car,0.85,406,199,640,360,234,161,37674,523,279,15.66,Skipped
2025-09-26 12:13:45,294,4,car,0.85,634,153,640,335,6,182,1092,637,244,39.77,Skipped
2025-09-26 12:13:45,294,5,car,0.85,405,203,640,360,235,157,36895,522,281,28.12,Skipped
2025-09-26 12:13:45,295,4,car,0.85,640,154,640,337,0,183,0,640,245,49.66,Skipped
2025-09-26 12:13:45,295,5,car,0.85,405,206,640,360,235,154,36190,522,283,31.41,Skipped
2025-09-26 12:13:45,296,4,car,0.85,646,154,640,338,-6,184,-1104,643,246,49.08,Skipped
2025-09-26 12:13:45,296,5,car,0.85,404,209,640,360,236,151,35636,522,284,15.52,Skipped
2025-09-26 12:13:45,297,4,car,0.85,652,155,640,339,-12,184,-2208,646,247,50.01,Skipped
2025-09-26 12:13:45,297,5,car,0.85,404,213,640,360,236,147,34692,522,286,31.63,Skipped
2025-09-26 12:13:45,298,4,car,0.85,658,156,640,341,-18,185,-3330,649,248,49.5,Skipped
2025-09-26 12:13:45,298,5,car,0.85,403,216,640,360,237,144,34128,521,288,35.0,Skipped
2025-09-26 12:13:45,299,4,car,0.85,664,157,640,342,-24,185,-4440,652,249,49.47,Skipped
2025-09-26 12:13:45,299,5,car,0.85,403,219,640,360,237,141,33417,521,289,15.64,Skipped
2025-09-26 12:13:45,300,4,car,0.85,670,157,640,343,-30,186,-5580,655,250,39.33,Skipped
2025-09-26 12:13:45,300,5,car,0.85,402,223,640,360,238,137,32606,521,291,24.88,N/A
2025-09-26 12:13:48,338,16,car,0.85,42,152,135,339,93,187,17391,88,245,0,Skipped
2025-09-26 12:13:48,339,16,car,0.85,34,155,132,351,98,196,19208,83,253,118.3,Skipped
2025-09-26 12:13:48,340,16,car,0.85,28,162,128,360,100,198,19800,78,261,121.43,N/A
2025-09-26 12:13:48,341,16,car,0.85,26,165,126,360,100,195,19500,76,262,18.88,Skipped
2025-09-26 12:13:48,342,16,car,0.85,27,164,128,360,101,196,19796,77,262,14.23,Skipped
2025-09-26 12:13:48,342,18,car,0.85,139,142,370,326,231,184,42504,254,234,0,Skipped
2025-09-26 12:13:48,343,16,car,0.85,26,165,128,360,102,195,19890,77,262,0.0,Skipped
2025-09-26 12:13:48,343,18,car,0.85,132,143,364,329,232,186,43152,248,236,45.91,Skipped
2025-09-26 12:13:48,344,16,car,0.85,7,166,107,360,100,194,19400,57,263,257.62,Skipped
2025-09-26 12:13:48,344,18,car,0.85,127,145,361,332,234,187,43758,244,238,57.53,Skipped
2025-09-26 12:13:48,345,16,car,0.85,0,164,92,360,92,196,18032,46,262,126.65,Skipped
2025-09-26 12:13:48,345,18,car,0.85,122,147,358,335,236,188,44368,240,241,57.33,Skipped
2025-09-26 12:13:48,346,16,car,0.85,0,156,81,357,81,201,16281,40,256,43.38,Skipped
2025-09-26 12:13:48,346,18,car,0.85,88,140,309,320,221,180,39780,198,230,221.97,Skipped
2025-09-26 12:13:48,347,16,car,0.85,0,157,75,360,75,203,15225,37,258,37.47,Skipped
2025-09-26 12:13:48,347,18,car,0.85,77,140,298,320,221,180,39780,187,230,114.3,Skipped
2025-09-26 12:13:48,347,21,bus,0.85,206,128,471,304,265,176,46640,338,216,0,Skipped
2025-09-26 12:13:49,348,16,car,0.85,0,158,69,360,69,202,13938,34,259,23.17,Skipped
2025-09-26 12:13:49,348,18,car,0.85,66,141,287,320,221,179,39559,176,230,80.58,Skipped
2025-09-26 12:13:49,348,21,bus,0.85,206,127,471,303,265,176,46640,338,215,7.33,Skipped
2025-09-26 12:13:49,349,16,car,0.85,0,158,63,360,63,202,12726,31,259,21.43,Skipped
2025-09-26 12:13:49,349,18,car,0.85,56,141,275,319,219,178,38982,165,230,78.57,Skipped
2025-09-26 12:13:49,349,21,bus,0.85,205,125,471,302,266,177,47082,338,213,14.29,Skipped
2025-09-26 12:13:49,350,16,car,0.85,0,159,58,360,58,201,11658,29,259,30.45,N/A
2025-09-26 12:13:49,350,18,car,0.85,45,141,264,319,219,178,38982,154,230,167.48,N/A
2025-09-26 12:13:49,350,21,bus,0.85,205,123,471,301,266,178,47348,338,212,15.23,N/A
2025-09-26 12:13:49,351,16,car,0.85,0,159,52,360,52,201,10452,26,259,16.96,Skipped
2025-09-26 12:13:49,351,18,car,0.85,34,141,253,319,219,178,38982,143,230,62.2,Skipped
2025-09-26 12:13:49,351,21,car,0.85,163,150,434,333,271,183,49593,298,241,279.37,Skipped
2025-09-26 12:13:49,352,16,car,0.85,0,160,46,360,46,200,9200,23,260,38.02,Skipped
2025-09-26 12:13:49,352,18,car,0.85,24,141,242,318,218,177,38586,133,229,120.84,Skipped
2025-09-26 12:13:49,352,21,car,0.85,155,154,428,338,273,184,50232,291,246,103.43,Skipped
2025-09-26 12:13:49,353,16,car,0.85,0,160,40,360,40,200,8000,20,260,50.7,Skipped
2025-09-26 12:13:49,353,18,car,0.85,13,141,230,318,217,177,38409,121,229,202.78,Skipped
2025-09-26 12:13:49,353,21,car,0.85,146,157,422,342,276,185,51060,284,249,128.69,Skipped
2025-09-26 12:13:49,354,16,car,0.85,0,161,34,360,34,199,6766,17,260,35.18,Skipped
2025-09-26 12:13:49,354,18,car,0.85,2,141,219,317,217,176,38192,110,229,128.98,Skipped
2025-09-26 12:13:49,354,21,car,0.85,138,161,415,347,277,186,51522,276,254,110.62,Skipped
2025-09-26 12:13:49,355,16,car,0.85,0,162,28,360,28,198,5544,14,261,39.69,Skipped
2025-09-26 12:13:49,355,18,car,0.85,0,141,208,317,208,176,36608,104,229,75.31,Skipped
2025-09-26 12:13:49,355,21,car,0.85,130,164,409,352,279,188,52452,269,258,101.2,Skipped
2025-09-26 12:13:49,356,16,car,0.85,0,162,22,360,22,198,4356,11,261,58.71,Skipped
2025-09-26 12:13:49,356,18,car,0.85,0,142,196,317,196,175,34300,98,229,117.43,Skipped
2025-09-26 12:13:49,356,21,car,0.85,122,167,403,357,281,190,53390,262,262,157.79,Skipped
2025-09-26 12:13:49,357,16,car,0.85,0,163,16,360,16,197,3152,8,261,53.8,Skipped
2025-09-26 12:13:49,357,18,car,0.85,0,142,185,316,185,174,32190,92,229,107.59,Skipped
2025-09-26 12:13:49,357,21,car,0.85,114,171,397,360,283,189,53487,255,265,136.57,Skipped
2025-09-26 12:13:49,358,16,car,0.85,0,163,10,360,10,197,1970,5,261,54.91,Skipped
2025-09-26 12:13:49,358,18,car,0.85,0,142,174,316,174,174,30276,87,229,91.52,Skipped
2025-09-26 12:13:49,358,21,car,0.85,106,174,391,360,285,186,53010,248,267,133.25,Skipped
2025-09-26 12:13:50,359,16,car,0.85,0,164,4,360,4,196,784,2,262,56.64,Skipped
2025-09-26 12:13:50,359,18,car,0.85,0,142,163,316,163,174,28362,81,229,107.46,Skipped
2025-09-26 12:13:50,359,21,car,0.85,97,178,384,360,287,182,52234,240,269,147.69,Skipped
2025-09-26 12:13:50,360,16,car,0.85,0,164,-1,360,-1,196,-196,-1,262,41.82,N/A
2025-09-26 12:13:50,360,18,car,0.85,0,142,151,315,151,173,26123,75,228,84.8,Cor Iu;
2025-09-26 12:13:50,360,21,car,0.85,89,181,378,360,289,179,51731,233,270,98.58,N/A
2025-09-26 12:13:50,361,16,car,0.85,0,165,-7,360,-7,195,-1365,-4,262,9.16,Skipped
2025-09-26 12:13:50,361,18,car,0.85,125,167,377,360,252,193,48636,251,263,547.98,Skipped
2025-09-26 12:13:50,361,21,car,0.85,81,185,372,360,291,175,50925,226,272,22.23,Skipped
2025-09-26 12:13:50,362,16,car,0.85,0,166,-13,360,-13,194,-2522,-7,263,39.31,Skipped
2025-09-26 12:13:50,362,18,car,0.85,134,165,383,360,249,195,48555,258,262,87.91,Skipped
2025-09-26 12:13:50,362,21,car,0.85,73,188,366,360,293,172,50396,219,274,90.51,Skipped
2025-09-26 12:13:50,363,16,car,0.85,0,166,-19,360,-19,194,-3686,-10,263,31.0,Skipped
2025-09-26 12:13:50,363,18,car,0.85,153,167,403,360,250,193,48250,278,263,206.92,Skipped
2025-09-26 12:13:50,363,21,car,0.85,65,192,359,360,294,168,49392,212,276,75.23,Skipped
2025-09-26 12:13:50,364,16,car,0.85,0,167,-25,360,-25,193,-4825,-13,263,30.92,Skipped
2025-09-26 12:13:50,364,18,car,0.85,156,168,408,360,252,192,48384,282,264,42.49,Skipped
2025-09-26 12:13:50,364,21,car,0.85,57,195,353,360,296,165,48840,205,277,72.87,Skipped
2025-09-26 12:13:50,365,16,car,0.85,0,167,-30,360,-30,193,-5790,-15,263,28.92,Skipped
2025-09-26 12:13:50,365,18,car,0.85,159,170,413,360,254,190,48260,286,265,59.61,Skipped
2025-09-26 12:13:50,365,21,car,0.85,48,199,347,360,299,161,48139,197,279,119.22,Skipped
2025-09-26 12:13:50,366,16,car,0.85,0,168,-36,360,-36,192,-6912,-18,264,50.1,Skipped
2025-09-26 12:13:50,366,18,car,0.85,162,171,418,360,256,189,48384,290,265,63.38,Skipped
2025-09-26 12:13:50,366,21,car,0.85,40,202,341,360,301,158,47558,190,281,115.34,Skipped
2025-09-26 12:13:50,367,16,car,0.85,0,168,-42,360,-42,192,-8064,-21,264,49.28,Skipped
2025-09-26 12:13:50,367,18,car,0.85,164,172,424,360,260,188,48880,294,266,67.73,Skipped
2025-09-26 12:13:50,367,21,car,0.85,32,206,335,360,303,154,46662,183,283,119.59,Skipped
2025-09-26 12:13:50,368,16,car,0.85,0,169,-48,360,-48,191,-9168,-24,264,51.32,Skipped
2025-09-26 12:13:50,368,18,car,0.85,167,174,429,360,262,186,48732,298,267,70.53,Skipped
2025-09-26 12:13:50,368,21,car,0.85,24,209,328,360,304,151,45904,176,284,120.96,Skipped
2025-09-26 12:13:51,369,16,car,0.85,0,170,-54,360,-54,190,-10260,-27,265,43.52,Skipped
2025-09-26 12:13:51,369,18,car,0.85,170,175,434,360,264,185,48840,302,267,55.05,Skipped
2025-09-26 12:13:51,369,21,car,0.85,16,213,322,360,306,147,44982,169,286,100.19,Skipped
2025-09-26 12:13:51,370,16,car,0.85,0,170,-60,360,-60,190,-11400,-30,265,44.66,N/A
2025-09-26 12:13:51,370,18,car,0.85,173,177,439,360,266,183,48678,306,268,61.38,N/A
2025-09-26 12:13:51,370,21,car,0.85,279,164,584,360,305,196,59780,431,262,3916.47,N/A
2025-09-26 12:13:51,371,16,car,0.85,0,171,-66,360,-66,189,-12474,-33,265,11.2,Skipped
2025-09-26 12:13:51,371,18,car,0.85,176,178,444,360,268,182,48776,310,269,15.39,Skipped
2025-09-26 12:13:51,371,21,car,0.85,267,162,579,360,312,198,61776,423,261,30.1,Skipped
2025-09-26 12:13:51,372,16,car,0.85,0,171,-72,360,-72,189,-13608,-36,265,29.35,Skipped
2025-09-26 12:13:51,372,18,car,0.85,179,179,449,360,270,181,48870,314,269,39.14,Skipped
2025-09-26 12:13:51,372,21,bus,0.85,274,158,588,359,314,201,63114,431,258,83.59,Skipped
2025-09-26 12:13:51,373,16,car,0.85,0,172,-78,360,-78,188,-14664,-39,266,22.34,Skipped
2025-09-26 12:13:51,373,18,car,0.85,182,181,454,360,272,179,48688,318,270,29.13,Skipped
2025-09-26 12:13:51,373,21,car,0.85,283,156,604,357,321,201,64521,443,256,85.96,Skipped
2025-09-26 12:13:51,374,16,car,0.85,0,172,-84,360,-84,188,-15792,-42,266,19.09,Skipped
2025-09-26 12:13:51,374,18,car,0.85,163,179,394,360,231,181,41811,278,269,254.58,Skipped
2025-09-26 12:13:51,374,21,car,0.85,286,154,604,352,318,198,62964,445,253,22.94,Skipped
2025-09-26 12:13:51,375,16,car,0.85,0,173,-90,360,-90,187,-16830,-45,266,16.37,Skipped
2025-09-26 12:13:51,375,18,car,0.85,157,175,379,360,222,185,41070,268,267,55.66,Skipped
2025-09-26 12:13:51,375,21,car,0.85,209,163,514,359,305,196,59780,361,261,460.52,Skipped
2025-09-26 12:13:52,376,16,car,0.85,0,173,-96,360,-96,187,-17952,-48,266,16.65,Skipped
2025-09-26 12:13:52,376,18,car,0.85,155,175,372,360,217,185,40145,263,267,27.74,Skipped
2025-09-26 12:13:52,376,21,car,0.85,181,168,477,360,296,192,56832,329,264,178.33,Skipped
2025-09-26 12:13:52,377,18,car,0.85,156,176,371,360,215,184,39560,263,268,6.15,Skipped
2025-09-26 12:13:52,377,21,car,0.85,170,173,458,360,288,187,53856,314,266,93.14,Skipped
2025-09-26 12:13:52,378,18,car,0.85,156,176,369,360,213,184,39192,262,268,8.6,Skipped
2025-09-26 12:13:52,378,21,car,0.85,161,175,449,360,288,185,53280,305,267,77.83,Skipped
2025-09-26 12:13:52,379,18,car,0.85,155,177,368,360,213,183,38979,261,268,9.31,Skipped
2025-09-26 12:13:52,379,21,car,0.85,152,177,440,360,288,183,52704,296,268,84.32,Skipped
2025-09-26 12:13:52,380,18,car,0.85,147,178,358,360,211,182,38402,252,269,140.05,N/A
2025-09-26 12:13:52,380,21,car,0.85,143,179,431,360,288,181,52128,287,269,140.05,N/A
2025-09-26 12:13:52,381,18,car,0.85,142,178,350,360,208,182,37856,246,269,35.73,Skipped
2025-09-26 12:13:52,381,21,car,0.85,134,180,422,360,288,180,51840,278,270,53.92,Skipped
2025-09-26 12:13:52,382,18,car,0.85,145,178,351,360,206,182,37492,248,269,20.05,Skipped
2025-09-26 12:13:52,382,21,car,0.85,125,182,413,360,288,178,51264,269,271,90.8,Skipped
2025-09-26 12:13:52,383,18,car,0.85,143,178,349,360,206,182,37492,246,269,22.88,Skipped
2025-09-26 12:13:52,383,21,car,0.85,116,184,404,360,288,176,50688,260,272,103.57,Skipped
2025-09-26 12:13:52,384,18,car,0.85,142,179,347,360,205,181,37105,244,269,34.4,Skipped
2025-09-26 12:13:52,384,21,car,0.85,107,186,395,360,288,174,50112,251,273,155.77,Skipped
2025-09-26 12:13:53,385,18,car,0.85,140,179,345,360,205,181,37105,242,269,34.44,Skipped
2025-09-26 12:13:53,385,21,car,0.85,97,187,386,360,289,173,49997,241,273,172.21,Skipped
2025-09-26 12:13:53,386,18,car,0.85,138,180,343,360,205,180,36900,240,270,40.97,Skipped
2025-09-26 12:13:53,386,21,car,0.85,88,189,377,360,289,171,49419,232,274,165.91,Skipped
2025-09-26 12:13:53,387,18,car,0.85,137,180,341,360,204,180,36720,239,270,19.57,Skipped
2025-09-26 12:13:53,387,21,car,0.85,79,191,367,360,288,169,48672,223,275,177.25,Skipped
2025-09-26 12:13:53,388,18,car,0.85,144,183,344,360,200,177,35400,244,271,87.59,Skipped
2025-09-26 12:13:53,388,21,car,0.85,70,193,358,360,288,167,48096,214,276,155.55,Skipped
2025-09-26 12:13:53,389,18,car,0.85,142,184,342,360,200,176,35200,242,272,22.99,Skipped
2025-09-26 12:13:53,389,21,car,0.85,61,194,349,360,288,166,47808,205,277,93.1,Skipped
2025-09-26 12:13:53,390,18,car,0.85,141,185,341,360,200,175,35000,241,272,14.23,N/A
2025-09-26 12:13:53,390,21,car,0.85,52,196,340,360,288,164,47232,196,278,128.83,N/A
2025-09-26 12:13:53,391,18,car,0.85,140,185,340,360,200,175,35000,240,272,7.39,Skipped
2025-09-26 12:13:53,391,21,car,0.85,43,198,331,360,288,162,46656,187,279,66.9,Skipped
2025-09-26 12:13:53,392,18,car,0.85,139,186,338,360,199,174,34626,238,273,50.66,Skipped
2025-09-26 12:13:53,392,21,car,0.85,34,200,322,360,288,160,46080,178,280,205.17,Skipped
2025-09-26 12:13:53,393,18,car,0.85,138,187,337,360,199,173,34427,237,273,19.0,Skipped
2025-09-26 12:13:53,393,21,car,0.85,25,201,313,360,288,159,45792,169,280,170.96,Skipped
2025-09-26 12:13:53,394,18,car,0.85,137,188,336,360,199,172,34228,236,274,18.51,Skipped
2025-09-26 12:13:53,394,21,car,0.85,15,203,304,360,289,157,45373,159,281,131.53,Skipped
2025-09-26 12:13:53,395,18,car,0.85,136,188,334,360,198,172,34056,235,274,15.45,Skipped
2025-09-26 12:13:53,395,21,car,0.85,6,205,295,360,289,155,44795,150,282,139.91,Skipped
2025-09-26 12:13:53,396,18,car,0.85,135,189,333,360,198,171,33858,234,274,15.83,Skipped
2025-09-26 12:13:53,396,21,car,0.85,0,207,286,360,286,153,43758,143,283,111.97,Skipped
2025-09-26 12:13:53,397,18,car,0.85,134,190,332,360,198,170,33660,233,275,21.14,Skipped
2025-09-26 12:13:53,397,21,car,0.85,0,208,277,360,277,152,42104,138,284,76.23,Skipped
2025-09-26 12:13:53,398,18,car,0.85,133,190,330,360,197,170,33490,231,275,31.67,Skipped
2025-09-26 12:13:53,398,21,car,0.85,0,210,268,360,268,150,40200,134,285,65.29,Skipped
2025-09-26 12:13:53,399,18,car,0.85,165,177,361,360,196,183,35868,263,268,522.76,Skipped
2025-09-26 12:13:53,399,21,car,0.85,0,212,259,360,259,148,38332,129,286,81.37,Skipped
2025-09-26 12:13:54,400,18,car,0.85,166,177,362,360,196,183,35868,264,268,14.27,N/A
2025-09-26 12:13:54,400,21,car,0.85,0,214,250,360,250,146,36500,125,287,58.83,N/A
2025-09-26 12:13:54,401,18,car,0.85,167,176,363,360,196,184,36064,265,268,11.22,Skipped
2025-09-26 12:13:54,401,21,car,0.85,0,215,241,360,241,145,34945,120,287,56.1,Skipped
2025-09-26 12:13:54,402,18,car,0.85,168,176,364,360,196,184,36064,266,268,18.31,Skipped
2025-09-26 12:13:54,402,21,car,0.85,0,217,231,360,231,143,33033,115,288,93.34,Skipped
2025-09-26 12:13:54,403,18,car,0.85,169,176,364,360,195,184,35880,266,268,0.0,Skipped
2025-09-26 12:13:54,403,21,car,0.85,0,219,222,360,222,141,31302,111,289,69.69,Skipped
2025-09-26 12:13:54,404,18,car,0.85,170,176,365,360,195,184,35880,267,268,15.67,Skipped
2025-09-26 12:13:54,404,21,car,0.85,0,221,213,360,213,139,29607,106,290,79.88,Skipped
2025-09-26 12:13:54,405,18,car,0.85,171,175,366,360,195,185,36075,268,267,19.09,Skipped
2025-09-26 12:13:54,405,21,car,0.85,0,222,204,360,204,138,28152,102,291,55.67,Skipped
2025-09-26 12:13:54,406,18,car,0.85,172,175,367,360,195,185,36075,269,267,13.98,Skipped
2025-09-26 12:13:54,406,21,car,0.85,0,224,195,360,195,136,26520,97,292,71.26,Skipped
2025-09-26 12:13:54,407,18,car,0.85,173,175,368,360,195,185,36075,270,267,15.86,Skipped
2025-09-26 12:13:54,407,21,car,0.85,0,226,186,360,186,134,24924,93,293,65.38,Skipped
2025-09-26 12:13:54,408,18,car,0.85,174,175,369,360,195,185,36075,271,267,15.46,Skipped
2025-09-26 12:13:54,409,18,car,0.85,176,174,370,360,194,186,36084,273,267,32.04,Skipped
2025-09-26 12:13:54,410,18,car,0.85,177,174,371,360,194,186,36084,274,267,14.78,N/A
2025-09-26 12:13:54,411,18,car,0.85,178,174,372,360,194,186,36084,275,267,16.09,Skipped
2025-09-26 12:13:54,412,18,car,0.85,179,173,373,360,194,187,36278,276,266,20.89,Skipped
2025-09-26 12:13:54,413,18,car,0.85,180,173,373,360,193,187,36091,276,266,0.0,Skipped
2025-09-26 12:13:55,414,18,car,0.85,181,173,374,360,193,187,36091,277,266,15.51,Skipped
2025-09-26 12:13:55,415,18,car,0.85,182,173,375,360,193,187,36091,278,266,15.94,Skipped
2025-09-26 12:13:55,416,18,car,0.85,183,172,376,360,193,188,36284,279,266,15.52,Skipped
2025-09-26 12:13:55,417,18,car,0.85,184,172,377,360,193,188,36284,280,266,14.79,Skipped
2025-09-26 12:13:55,418,18,car,0.85,186,172,378,360,192,188,36096,282,266,31.95,Skipped
2025-09-26 12:13:55,419,18,car,0.85,187,172,379,360,192,188,36096,283,266,12.66,Skipped
2025-09-26 12:13:55,420,18,car,0.85,188,171,380,360,192,189,36288,284,265,22.3,N/A
2025-09-26 12:13:55,421,18,car,0.85,185,196,401,360,216,164,35424,293,278,225.87,Skipped
2025-09-26 12:13:55,422,18,car,0.85,186,197,403,360,217,163,35371,294,278,7.27,Skipped
2025-09-26 12:13:55,423,18,car,0.85,187,198,405,360,218,162,35316,296,279,29.48,Skipped
2025-09-26 12:13:55,424,18,car,0.85,187,199,407,360,220,161,35420,297,279,15.41,Skipped
2025-09-26 12:13:55,425,18,car,0.85,188,200,409,360,221,160,35360,298,280,25.75,Skipped
2025-09-26 12:13:55,426,18,car,0.85,189,201,411,360,222,159,35298,300,280,33.3,Skipped
2025-09-26 12:13:55,427,18,car,0.85,190,202,412,360,222,158,35076,301,281,22.1,Skipped
2025-09-26 12:13:55,428,18,car,0.85,191,203,414,360,223,157,35011,302,281,15.56,Skipped
2025-09-26 12:13:56,429,18,car,0.85,192,204,416,360,224,156,34944,304,282,34.35,Skipped
2025-09-26 12:13:56,430,18,car,0.85,193,205,418,360,225,155,34875,305,282,12.82,N/A
2025-09-26 12:13:56,431,18,car,0.85,193,205,420,360,227,155,35185,306,282,14.27,Skipped
2025-09-26 12:13:56,432,18,car,0.85,194,206,422,360,228,154,35112,308,283,34.29,Skipped
2025-09-26 12:13:56,433,18,car,0.85,195,207,424,360,229,153,35037,309,283,15.96,Skipped
2025-09-26 12:13:56,434,18,car,0.85,196,208,426,360,230,152,34960,311,284,35.53,Skipped
2025-09-26 12:13:56,435,18,car,0.85,197,209,428,360,231,151,34881,312,284,15.25,Skipped
2025-09-26 12:13:56,436,18,car,0.85,198,210,430,360,232,150,34800,314,285,35.11,Skipped
2025-09-26 12:13:56,437,18,car,0.85,199,211,432,360,233,149,34717,315,285,13.2,Skipped
2025-09-26 12:13:56,438,18,car,0.85,199,212,434,360,235,148,34780,316,286,22.02,Skipped
2025-09-26 12:13:56,439,18,car,0.85,200,213,435,360,235,147,34545,317,286,15.67,Skipped
2025-09-26 12:13:56,440,18,car,0.85,201,214,437,360,236,146,34456,319,287,33.68,N/A
2025-09-26 12:13:56,441,18,car,0.85,202,215,439,360,237,145,34365,320,287,16.29,Skipped
2025-09-26 12:13:56,442,18,car,0.85,203,215,441,360,238,145,34510,322,287,30.93,Skipped
2025-09-26 12:13:57,443,18,car,0.85,204,216,443,360,239,144,34416,323,288,18.4,Skipped
2025-09-26 12:13:57,444,18,car,0.85,205,217,445,360,240,143,34320,325,288,30.94,Skipped
2025-09-26 12:13:57,445,18,car,0.85,205,218,447,360,242,142,34364,326,289,22.05,Skipped
2025-09-26 12:13:57,446,18,car,0.85,206,219,449,360,243,141,34263,327,289,15.23,Skipped
2025-09-26 12:13:57,447,18,car,0.85,207,220,451,360,244,140,34160,329,290,30.13,Skipped
2025-09-26 12:13:57,448,18,car,0.85,208,221,453,360,245,139,34055,330,290,7.82,Skipped
2025-09-26 12:13:57,449,18,car,0.85,209,222,455,360,246,138,33948,332,291,37.15,Skipped
2025-09-26 12:13:57,450,18,car,0.85,210,223,456,360,246,137,33702,333,291,16.61,N/A
2025-09-26 12:13:57,451,18,car,0.85,211,224,458,360,247,136,33592,334,292,20.04,Skipped
2025-09-26 12:13:58,466,33,car,0.85,388,173,640,360,252,187,47124,514,266,0,Skipped
2025-09-26 12:13:58,467,33,car,0.85,384,172,640,360,256,188,48128,512,266,29.0,Skipped
2025-09-26 12:13:58,468,33,car,0.85,382,171,640,360,258,189,48762,511,265,17.98,Skipped
2025-09-26 12:13:58,469,33,car,0.85,376,168,640,360,264,192,50688,508,264,44.75,Skipped
2025-09-26 12:13:58,470,33,car,0.85,373,167,640,360,267,193,51531,506,263,32.03,N/A
2025-09-26 12:13:58,471,33,car,0.85,371,166,640,360,269,194,52186,505,263,11.1,Skipped
2025-09-26 12:13:58,472,33,car,0.85,368,164,640,360,272,196,53312,504,262,27.14,Skipped
2025-09-26 12:13:59,473,33,car,0.85,365,163,640,360,275,197,54175,502,261,44.15,Skipped
2025-09-26 12:13:59,474,33,car,0.85,298,171,640,360,342,189,64638,469,265,433.82,Skipped
2025-09-26 12:13:59,475,33,car,0.85,295,169,640,360,345,191,65895,467,264,30.9,Skipped
2025-09-26 12:13:59,476,33,car,0.85,300,165,640,360,340,195,66300,470,262,29.32,Skipped
2025-09-26 12:13:59,477,33,car,0.85,302,163,640,360,338,197,66586,471,261,17.2,Skipped
2025-09-26 12:13:59,478,33,car,0.85,300,162,640,360,340,198,67320,470,261,11.88,Skipped
2025-09-26 12:13:59,479,33,car,0.85,297,163,640,360,343,197,67571,468,261,23.47,Skipped
2025-09-26 12:13:59,480,33,car,0.85,291,162,640,360,349,198,69102,465,261,37.16,N/A
2025-09-26 12:13:59,481,33,car,0.85,284,161,640,360,356,199,70844,462,260,22.7,Skipped
2025-09-26 12:13:59,482,33,car,0.85,278,161,640,360,362,199,72038,459,260,54.87,Skipped
2025-09-26 12:13:59,483,33,car,0.85,271,160,640,360,369,200,73800,455,260,65.87,Skipped
2025-09-26 12:13:59,484,33,car,0.85,265,159,640,360,375,201,75375,452,259,57.33,Skipped
2025-09-26 12:13:59,485,33,car,0.85,258,158,640,360,382,202,77164,449,259,50.32,Skipped
2025-09-26 12:14:00,486,33,car,0.85,251,158,640,360,389,202,78578,445,259,62.74,Skipped
2025-09-26 12:14:00,487,33,car,0.85,245,157,640,360,395,203,80185,442,258,50.01,Skipped
2025-09-26 12:14:00,488,33,car,0.85,238,156,640,360,402,204,82008,439,258,46.88,Skipped
2025-09-26 12:14:00,489,33,car,0.85,232,155,634,360,402,205,82410,433,257,75.73,Skipped
2025-09-26 12:14:00,490,33,car,0.85,225,155,627,360,402,205,82410,426,257,111.21,N/A
2025-09-26 12:14:00,491,33,car,0.85,219,154,621,359,402,205,82410,420,256,77.4,Skipped
2025-09-26 12:14:00,492,33,car,0.85,212,153,614,359,402,206,82812,413,256,134.32,Skipped
2025-09-26 12:14:00,493,33,car,0.85,206,152,608,358,402,206,82812,407,255,93.37,Skipped
2025-09-26 12:14:00,494,33,car,0.85,199,152,602,357,403,205,82615,400,254,113.54,Skipped
2025-09-26 12:14:00,495,33,car,0.85,192,151,595,357,403,206,83018,393,254,88.06,Skipped
2025-09-26 12:14:00,496,33,car,0.85,186,150,589,356,403,206,83018,387,253,93.22,Skipped
2025-09-26 12:14:00,497,33,car,0.85,179,149,582,355,403,206,83018,380,252,111.09,Skipped
2025-09-26 12:14:00,498,33,car,0.85,173,148,576,354,403,206,83018,374,251,97.82,Skipped
2025-09-26 12:14:00,499,33,car,0.85,166,148,569,354,403,206,83018,367,251,109.0,Skipped
2025-09-26 12:14:00,500,33,car,0.85,160,147,563,353,403,206,83018,361,250,94.17,N/A
2025-09-26 12:14:01,501,33,car,0.85,153,146,556,352,403,206,83018,354,249,84.04,Skipped
2025-09-26 12:14:01,502,33,car,0.85,147,145,550,352,403,207,83421,348,248,101.65,Skipped
2025-09-26 12:14:01,503,33,car,0.85,140,145,544,351,404,206,83224,342,248,85.35,Skipped
2025-09-26 12:14:01,504,33,car,0.85,133,144,537,350,404,206,83224,335,247,109.23,Skipped
2025-09-26 12:14:01,505,33,car,0.85,127,143,531,350,404,207,83628,329,246,104.35,Skipped
2025-09-26 12:14:01,506,33,car,0.85,120,142,524,349,404,207,83628,322,245,113.27,Skipped
2025-09-26 12:14:01,507,33,car,0.85,114,142,518,348,404,206,83224,316,245,91.0,Skipped
2025-09-26 12:14:01,508,33,car,0.85,107,141,511,347,404,206,83224,309,244,84.24,Skipped
2025-09-26 12:14:01,509,33,car,0.85,101,140,505,347,404,207,83628,303,243,100.44,Skipped
